markus, 22, true, Senior, competitive, crawl, 2023-12-10, 2.5, , 0, false
Joakim, 22, true, Senior, competitive, crawl, 2002-02-05, 2.5833333333333335, , 0, false
August, 21, true, Senior, competitive, crawl, 2002-02-05, 3.5833333333333335, , 0, false
Hans, 14, true, Junior, competitive, crawl, 2002-02-05, 2.9833333333333334, , 0, false
Tobais, 17, true, Junior, competitive, crawl, 2002-02-05, 4.283333333333333, , 0, false
Lukas, 14, true, Junior, competitive, crawl, 2002-02-05, 3.5833333333333335, , 0, false
Magnus, 26, true, Senior, competitive, crawl, 2002-02-05, 5.683333333333334, , 0, false
Geo, 27, true, Senior, competitive, crawl, 2002-02-05, 2.7833333333333337, , 0, false
Lars, 13, true, Junior, competitive, crawl, 2002-02-05, 4.383333333333334, , 0, false
Mikkel, 16, true, Junior, competitive, crawl, 2002-02-05, 5.283333333333333, , 0, false
Mohammed, 25, true, Senior, competitive, back crawl, 2002-02-05, 2.9833333333333334, , 0, false
Christan, 17, true, Junior, competitive, back crawl, 2002-02-05, 4.783333333333333, , 0, false
Lohmann, 16, true, Junior, competitive, back crawl, 2002-02-05, 5.583333333333334, , 0, false
Oliver, 15, true, Junior, competitive, back crawl, 2002-02-05, 3.8833333333333333, , 0, false
Kevin, 23, true, Senior, competitive, back crawl, 2002-02-05, 3.6833333333333336, , 0, false
alfred, 25, true, Senior, competitive, back crawl, 2002-02-05, 2.7833333333333337, , 0, false
clive, 26, true, Senior, competitive, back crawl, 2002-02-05, 2.4833333333333334, , 0, false
chef, 27, true, Senior, competitive, back crawl, 2002-02-05, 4.383333333333334, , 0, false
abdul, 16, true, Junior, competitive, back crawl, 2002-02-05, 5.383333333333334, , 0, false
Korn, 15, true, Junior, competitive, back crawl, 2002-02-05, 6.383333333333334, , 0, false
Kl√∏ver, 17, true, Junior, competitive, butterfly, 2002-02-05, 7.183333333333334, , 0, false
Hummel, 15, true, Junior, competitive, butterfly, 2002-02-05, 4.483333333333333, , 0, false
Nike, 16, true, Junior, competitive, butterfly, 2002-02-05, 5.683333333333334, , 0, false
Jordan, 14, true, Junior, competitive, butterfly, 2002-02-05, 8.383333333333333, , 0, false
Shaq, 15, true, Junior, competitive, butterfly, 2002-02-05, 2.9833333333333334, , 0, false
Shrek, 20, true, Senior, competitive, butterfly, 2002-02-05, 6.383333333333334, , 0, false
Malvin, 22, true, Senior, competitive, butterfly, 2002-02-05, 4.583333333333334, , 0, false
Alvin, 21, true, Senior, competitive, butterfly, 2002-02-05, 5.283333333333333, , 0, false
Ian, 25, true, Senior, competitive, butterfly, 2002-02-05, 2.8833333333333333, , 0, false
Kent, 24, true, Senior, competitive, butterfly, 2002-02-05, 3.9833333333333334, , 0, false
Mikeal, 26, true, Senior, competitive, breaststroke, 2002-02-05, 5.483333333333333, , 0, false
Niklas, 24, true, Senior, competitive, breaststroke, 2002-02-05, 6.383333333333334, , 0, false
Mathias, 23, true, Senior, competitive, breaststroke, 2002-02-05, 4.583333333333334, , 0, false
Ole, 21, true, Senior, competitive, breaststroke, 2002-02-05, 5.383333333333334, , 0, false
Hassan, 22, true, Senior, competitive, breaststroke, 2002-02-05, 3.3833333333333333, , 0, false
Ludvig, 14, true, Junior, competitive, breaststroke, 2002-02-05, 4.283333333333333, , 0, false
Kay, 15, true, Junior, competitive, breaststroke, 2002-02-05, 4.983333333333333, , 0, false
John, 16, true, Junior, competitive, breaststroke, 2002-02-05, 3.2833333333333337, , 0, false
Wick, 17, true, Junior, competitive, breaststroke, 2002-02-05, 4.883333333333334, , 0, false
Pedro, 14, true, Junior, competitive, breaststroke, 2002-02-05, 5.983333333333333, , 0, false
